{"schemaVersion":1,"campaignId":"3d87d29a-3726-4612-84dd-1da737ad5bfb","logo":{"alt":"Brave Search - Protecting your privacy. Fighting censorship. Since 2021 - Try it now!","imageUrl":"6d8cab3f-05e6-45a0-9513-172db2d9e9a1.png","companyName":"Brave","destinationUrl":"https://search.brave.com/?brave-creative-id=825568c3-97b4-4c01-a97e-c0b77135daae&source=sponsoredimage20230701"},"wallpapers":[{"imageUrl":"ce7c10ad-2056-4b7d-a521-3f94bafc7ab1.jpg","focalPoint":{"x":1280,"y":720},"creativeInstanceId":"825568c3-97b4-4c01-a97e-c0b77135daae"},{"imageUrl":"60c4d515-9a50-4e03-b6b0-480e31371a9f.jpg","focalPoint":{"x":1280,"y":720},"logo":{"alt":"Brave Search - Protecting your privacy. Fighting censorship. Since 2021 - Try it now!","imageUrl":"7e2254e9-fd3a-43e3-a39e-d746897f28d7.png","companyName":"Brave","destinationUrl":"https://search.brave.com/?brave-creative-id=9244d816-d83e-48eb-a7fb-c48b4efed7fe&source=sponsoredimage20230701"},"creativeInstanceId":"9244d816-d83e-48eb-a7fb-c48b4efed7fe"}]}