[
    {
        "include": [
            "*://*.amazon.ae/*",
            "*://*.amazon.ca/*",
            "*://*.amazon.cn/*",
            "*://*.amazon.co.jp/*",
            "*://*.amazon.co.uk/*",
            "*://*.amazon.com/*",
            "*://*.amazon.com.au/*",
            "*://*.amazon.com.be/*",
            "*://*.amazon.com.br/*",
            "*://*.amazon.com.mx/*",
            "*://*.amazon.com.tr/*",
            "*://*.amazon.de/*",
            "*://*.amazon.eg/*",
            "*://*.amazon.es/*",
            "*://*.amazon.fr/*",
            "*://*.amazon.in/*",
            "*://*.amazon.it/*",
            "*://*.amazon.nl/*",
            "*://*.amazon.pl/*",
            "*://*.amazon.sa/*",
            "*://*.amazon.se/*",
            "*://*.amazon.sg/*"
        ],
        "exclude": [

        ],
        "params": [
            "linkCode",
            "tag",
            "crid",
            "pd_rd_r",
            "pd_rd_w",
            "pd_rd_wg",
            "pf_rd_i",
            "pf_rd_m",
            "pf_rd_p",
            "pf_rd_r",
            "pf_rd_s",
            "pf_rd_t",
            "qid",
            "sprefix"
        ]
    },
    {
        "include": [
            "*://*.bandcamp.com/*"
        ],
        "exclude": [

        ],
        "params": [
            "from"
        ]
    },
    {
        "include": [
            "*://*.imdb.com/*"
        ],
        "exclude": [

        ],
        "params": [
            "pf_rd_m",
            "pf_rd_p",
            "pf_rd_r",
            "pf_rd_s",
            "pf_rd_t",
            "pf_rd_i",
            "ref_"
        ]
    },
    {
        "include": [
            "*://*.twitter.com/*"
        ],
        "exclude": [
            "*://*.twitter.com/i/redirect?*"
        ],
        "params": [
            "cxt",
            "ref_src",
            "ref_url",
            "s",
            "t"
        ]
    },
    {
        "include": [
            "*://hbr.org/*",
            "*://techcrunch.com/*"
        ],
        "exclude": [

        ],
        "params": [
            "tpcc"
        ]
    },
    {
        "include": [
            "*://www.wsj.com/*"
        ],
        "exclude": [

        ],
        "params": [
            "mod"
        ]
    },
    {
        "include": [
            "*://actionnetwork.org/*"
        ],
        "exclude": [

        ],
        "params": [
            "source"
        ]
    },
    {
        "include": [
            "*://www.zillow.com/*"
        ],
        "exclude": [

        ],
        "params": [
            "rtoken"
        ]
    },
    {
        "include": [
            "*://feverup.com/*"
        ],
        "exclude": [

        ],
        "params": [
            "CAMEFROM"
        ]
    },
    {
        "include": [
            "*://www.linkedin.com/in/*"
        ],
        "exclude": [

        ],
        "params": [
            "original_referer"
        ]
    },
    {
        "include": [
            "*://*.youtube.com/watch?*"
        ],
        "exclude": [

        ],
        "params": [
            "embeds_euri",
            "embeds_loader_url_for_pings",
            "embeds_origin",
            "feature",
            "source_ve_path"
        ]
    },
    {
        "include": [
            "*://medium.com/*"
        ],
        "exclude": [

        ],
        "params": [
            "source"
        ]
    },
    {
        "include": [
            "*://hackernoon.com/*",
            "*://www.backerkit.com/*",
            "*://*.kickstarter.com/*"
        ],
        "exclude": [

        ],
        "params": [
            "ref"
        ]
    },
    {
        "include": [
            "*://*.tiktok.com/*"
        ],
        "exclude": [

        ],
        "params": [
            "embed_source",
            "refer",
            "referer_url",
            "referer_video_id"
        ]
    },
    {
        "include": [
            "*://*.bloomberg.com/*"
        ],
        "exclude": [

        ],
        "params": [
            "in_source",
            "leadSource",
            "srnd"
        ]
    },
    {
        "include": [
            "*://*/*"
        ],
        "exclude": [
            "*://app.hive.co/*"
        ],
        "params": [
            "h_sid",
            "h_slt"
        ]
    },
    {
        "include": [
            "*://*.seek.com.au/*",
            "*://*.seek.co.nz/*"
        ],
        "exclude": [

        ],
        "params": [
            "tracking"
        ]
    },
    {
        "include": [
            "*://mailchi.mp/*"
        ],
        "exclude": [

        ],
        "params": [
            "e"
        ]
    },
    {
        "include": [
            "*://*.songkick.com/*"
        ],
        "exclude": [

        ],
        "params": [
            "deep_link_campaign",
            "deep_link_medium",
            "deep_link_source"
        ]
    },
    {
        "include": [
            "*://*/*"
        ],
        "exclude": [

        ],
        "params": [
            "brave-campaign-id",
            "brave-creative-id",
            "brave-creative-set-id",
            "ml_subscriber",
            "ml_subscriber_hash",
            "mc_cid",
            "ss_campaign_id",
            "ss_campaign_name",
            "ss_campaign_sent_date",
            "ss_source",
            "mtm_campaign",
            "mtm_cid",
            "mtm_content",
            "mtm_group",
            "mtm_keyword",
            "mtm_kwd",
            "mtm_medium",
            "mtm_placement",
            "mtm_source",
            "piwik_campaign",
            "piwik_kwd",
            "pk_campaign",
            "pk_cid",
            "pk_content",
            "pk_cpn",
            "pk_keyword",
            "pk_kwd",
            "pk_medium",
            "pk_source",
            "utm_ad",
            "utm_affiliate",
            "utm_brand",
            "utm_campaign",
            "utm_campaignid",
            "utm_channel",
            "utm_cid",
            "utm_content",
            "utm_emcid",
            "utm_emmid",
            "utm_id",
            "utm_keyword",
            "utm_medium",
            "utm_name",
            "utm_place",
            "utm_product",
            "utm_pubreferrer",
            "utm_reader",
            "utm_referrer",
            "utm_serial",
            "utm_session",
            "utm_siteid",
            "utm_social",
            "utm_social-type",
            "utm_source",
            "utm_supplier",
            "utm_swu",
            "utm_term",
            "utm_umguk",
            "utm_userid",
            "utm_viz_id",
            "gbraid",
            "wbraid",
            "gclsrc",
            "gclid",
            "usqp",
            "guccounter",
            "guce_referrer",
            "guce_referrer_sig",
            "ex_cid"
        ]
    },
    {
        "include": [
            "https://dev-pages.bravesoftware.com/clean-urls/*"
        ],
        "exclude": [
            "https://dev-pages.bravesoftware.com/clean-urls/exempted/*"
        ],
        "params": [
            "brave_testing1",
            "brave_testing2"
        ]
    }
]
