{"schemaVersion":1,"campaignId":"9de3d4c6-9b57-4c0a-80a8-e841f0516761","logo":{"alt":"Brave Wallet - New: Connect to DApps with Brave on iOS and Android! - Learn More","imageUrl":"6ace5c55-aaa3-4c1a-a13d-e895b03598a4.png","companyName":"Brave Wallet ","destinationUrl":"https://brave.com/solana-dapps-mobile/?source=sponsoredimage20230702"},"wallpapers":[{"imageUrl":"2bb115de-a0ae-46bf-964e-f4b80cbdf25d.jpg","focalPoint":{"x":1280,"y":720},"creativeInstanceId":"f57c462d-8c83-4917-8490-42e54943a03f"},{"imageUrl":"2f681d5d-56a8-4c73-9055-0f46ddd26729.jpg","focalPoint":{"x":1280,"y":720},"logo":{"alt":"Brave Wallet - Buy, Swap, Send, Connect, Discover web3 across ETH, SOL, AVAX and more, with one multi-chain wallet. - Learn More","imageUrl":"a6995ee8-2c28-446d-93c7-8d1afbafea21.png","companyName":"Brave Software","destinationUrl":"https://brave.com/wallet/?brave-creative-id=a378040e-2f12-4306-bdc1-6c62eef67722&source=sponsoredimage20230702"},"creativeInstanceId":"a378040e-2f12-4306-bdc1-6c62eef67722"}]}