{
  "0xdAC17F958D2ee523a2206206994597C13D831ec7": {
    "name": "Tether USD",
    "logo": "usdt.png",
    "erc20": true,
    "symbol": "USDT",
    "decimals": 6
  },
  "0xB8c77482e45F1F44dE1745F52C74426C631bDD52": {
    "name": "Binance Coin",
    "logo": "bnb.png",
    "erc20": true,
    "symbol": "BNB",
    "decimals": 18
  },
  "0xA0b86991c6218b36c1d19D4a2e9Eb0cE3606eB48": {
    "name": "USD Coin",
    "logo": "usdc.png",
    "erc20": true,
    "symbol": "USDC",
    "decimals": 6
  },
  "0xae7ab96520DE3A18E5e111B5EaAb095312D7fE84": {
    "name": "Liquid staked Ether 2.0",
    "logo": "stETH.png",
    "erc20": true,
    "symbol": "stETH",
    "decimals": 18
  },
  "0x7D1AfA7B718fb893dB30A3aBc0Cfc608AaCfeBB0": {
    "name": "Matic Network Token",
    "logo": "matic-network-logo.png",
    "erc20": true,
    "symbol": "MATIC",
    "decimals": 18
  },
  "0x2260FAC5E5542a773Aa44fBCfeDf7C193bc2C599": {
    "name": "Wrapped BTC",
    "logo": "wbtc.png",
    "erc20": true,
    "symbol": "WBTC",
    "decimals": 8
  },
  "0x95aD61b0a150d79219dCF64E1E6Cc01f0B64C4cE": {
    "name": "SHIBA INU",
    "logo": "shib.png",
    "erc20": true,
    "symbol": "SHIB",
    "decimals": 18
  },
  "0x6B175474E89094C44Da98b954EedeAC495271d0F": {
    "name": "Dai Stablecoin",
    "logo": "dai.png",
    "erc20": true,
    "symbol": "DAI",
    "decimals": 18
  },
  "0x4Fabb145d64652a948d72533023f6E7A623C7C53": {
    "name": "Binance USD",
    "logo": "busd.png",
    "erc20": true,
    "symbol": "BUSD",
    "decimals": 18
  },
  "0x1f9840a85d5aF5bf1D1762F925BDADdC4201F984": {
    "name": "Uniswap",
    "logo": "uni.png",
    "erc20": true,
    "symbol": "UNI",
    "decimals": 18
  },
  "0x514910771AF9Ca656af840dff83E8264EcF986CA": {
    "name": "Chainlink Token",
    "logo": "chainlink.png",
    "erc20": true,
    "symbol": "LINK",
    "decimals": 18
  },
  "0x0000000000085d4780B73119b644AE5ecd22b376": {
    "name": "TrueUSD",
    "logo": "TUSD.png",
    "erc20": true,
    "symbol": "TUSD",
    "decimals": 18
  },
  "0x5A98FcBEA516Cf06857215779Fd812CA3beF1B32": {
    "name": "Lido DAO Token",
    "logo": "LDO.png",
    "erc20": true,
    "symbol": "LDO",
    "decimals": 18
  },
  "0x4a220E6096B25EADb88358cb44068A3248254675": {
    "name": "Quant Network",
    "logo": "quant-network.png",
    "erc20": true,
    "symbol": "QNT",
    "decimals": 18
  },
  "0xA0b73E1Ff0B80914AB6fe0444E65848C4C34450b": {
    "name": "Cronos",
    "logo": "cro.png",
    "erc20": true,
    "symbol": "CRO",
    "decimals": 8
  },
  "0xc944E90C64B2c07662A292be6244BDf05Cda44a7": {
    "name": "Graph Token",
    "logo": "graphToken.png",
    "erc20": true,
    "symbol": "GRT",
    "decimals": 18
  },
  "0x853d955aCEf822Db058eb8505911ED77F175b99e": {
    "name": "Frax",
    "logo": "frax.png",
    "erc20": true,
    "symbol": "FRAX",
    "decimals": 18
  },
  "0x8E870D67F660D95d5be530380D0eC0bd388289E1": {
    "name": "Pax Dollar",
    "logo": "usdp.png",
    "erc20": true,
    "symbol": "USDP",
    "decimals": 18
  },
  "0xae78736Cd615f374D3085123A210448E74Fc6393": {
    "name": "Rocket Pool ETH",
    "logo": "rETH.png",
    "erc20": true,
    "symbol": "rETH",
    "decimals": 18
  },
  "0x3845badAde8e6dFF049820680d1F14bD3903a5d0": {
    "name": "SAND",
    "logo": "SAND.png",
    "erc20": true,
    "symbol": "SAND",
    "decimals": 18
  },
  "0x7Fc66500c84A76Ad7e9c93437bFc5Ac33E2DDaE9": {
    "name": "Aave",
    "logo": "AAVE.png",
    "erc20": true,
    "symbol": "AAVE",
    "decimals": 18
  },
  "0x4d224452801ACEd8B2F0aebE155379bb5D594381": {
    "name": "ApeCoin",
    "logo": "APE.png",
    "erc20": true,
    "symbol": "APE",
    "decimals": 18
  },
  "0x6De037ef9aD2725EB40118Bb1702EBb27e4Aeb24": {
    "name": "Render Token",
    "logo": "RNDR.png",
    "erc20": true,
    "symbol": "RNDR",
    "decimals": 18
  },
  "0xD33526068D116cE69F19A9ee46F0bd304F21A51f": {
    "name": "Rocket Pool",
    "logo": "rpl.png",
    "erc20": true,
    "symbol": "RPL",
    "decimals": 18
  },
  "0x0F5D2fB29fb7d3CFeE444a200298f468908cC942": {
    "name": "Decentraland",
    "logo": "mana.png",
    "erc20": true,
    "symbol": "MANA",
    "decimals": 18
  },
  "0x0C10bF8FcB7Bf5412187A595ab97a3609160b5c6": {
    "name": "Decentralized USD",
    "logo": "USDD.png",
    "erc20": true,
    "symbol": "USDD",
    "decimals": 18
  },
  "0xBB0E17EF65F82Ab018d8EDd776e8DD940327B28b": {
    "name": "Axie Infinity Shard",
    "logo": "AXS.png",
    "erc20": true,
    "symbol": "AXS",
    "decimals": 18
  },
  "0xC011a73ee8576Fb46F5E1c5751cA3B9Fe0af2a6F": {
    "name": "Synthetix Network Token",
    "logo": "synthetix.png",
    "erc20": true,
    "decimals": 18,
    "symbol": "SNX"
  },
  "0x1A4b46696b2bB4794Eb3D4c26f1c55F9170fa4C5": {
    "name": "BitDAO",
    "logo": "BitDAO.png",
    "erc20": true,
    "erc721": false,
    "symbol": "BIT",
    "decimals": 18
  },
  "0x9f8F72aA9304c8B593d555F12eF6589cC3A579A2": {
    "name": "Maker",
    "logo": "mkr.png",
    "erc20": true,
    "symbol": "MKR",
    "decimals": 18
  },
  "0xD533a949740bb3306d119CC777fa900bA034cd52": {
    "name": "Curve",
    "logo": "curve.png",
    "erc20": true,
    "symbol": "CRV",
    "decimals": 18
  },
  "0x056Fd409E1d7A124BD7017459dFEa2F387b6d5Cd": {
    "name": "Gemini Dollar",
    "logo": "gusd.png",
    "erc20": true,
    "symbol": "GUSD",
    "decimals": 2
  },
  "0xe28b3B32B6c345A34Ff64674606124Dd5Aceca30": {
    "name": "Injective",
    "logo": "inj.png",
    "erc20": true,
    "symbol": "INJ",
    "decimals": 18
  },
  "0x4Ddc2D193948926D02f9B1fE9e1daa0718270ED5": {
    "name": "Compound Ether",
    "logo": "ctoken-eth.png",
    "erc20": true,
    "symbol": "cETH",
    "decimals": 8
  },
  "0x45804880De22913dAFE09f4980848ECE6EcbAf78": {
    "name": "PAX Gold",
    "logo": "paxg.png",
    "erc20": true,
    "symbol": "PAXG",
    "decimals": 18
  },
  "0x3506424F91fD33084466F402d5D97f05F8e3b4AF": {
    "name": "chiliZ",
    "logo": "chz.png",
    "erc20": true,
    "symbol": "CHZ",
    "decimals": 18
  },
  "0x3432B6A60D23Ca0dFCa7761B7ab56459D9C964D0": {
    "name": "Frax Share",
    "logo": "fxs.png",
    "erc20": true,
    "symbol": "FXS",
    "decimals": 18
  },
  "0xB62132e35a6c13ee1EE0f84dC5d40bad8d815206": {
    "name": "NEXO",
    "logo": "NEXO.png",
    "erc20": true,
    "symbol": "NEXO",
    "decimals": 18
  },
  "0x4691937a7508860F876c9c0a2a617E7d9E945D4B": {
    "name": "Wootrade Network",
    "logo": "wootrade.png",
    "erc20": true,
    "symbol": "WOO",
    "decimals": 18
  },
  "0x39AA39c021dfbaE8faC545936693aC917d5E7563": {
    "name": "Compound USD Coin",
    "logo": "ctoken-usdc.png",
    "erc20": true,
    "symbol": "cUSDC",
    "decimals": 8
  },
  "0x92D6C1e31e14520e676a687F0a93788B716BEff5": {
    "name": "dYdX",
    "logo": "dydx.png",
    "erc20": true,
    "symbol": "DYDX",
    "decimals": 18
  },
  "0x111111111117dC0aa78b770fA6A738034120C302": {
    "name": "1INCH Token",
    "logo": "1inch.png",
    "erc20": true,
    "symbol": "1INCH",
    "decimals": 18
  },
  "0xF629cBd94d3791C9250152BD8dfBDF380E2a3B9c": {
    "name": "Enjin Coin",
    "logo": "enj.png",
    "erc20": true,
    "symbol": "ENJ",
    "decimals": 18
  },
  "0xBBbbCA6A901c926F240b89EacB641d8Aec7AEafD": {
    "name": "Loopring",
    "logo": "LRC.png",
    "erc20": true,
    "symbol": "LRC",
    "decimals": 18
  },
  "0x6810e776880C02933D47DB1b9fc05908e5386b96": {
    "name": "Gnosis Token",
    "logo": "gnosis.png",
    "erc20": true,
    "symbol": "GNO",
    "decimals": 18
  },
  "0x69af81e73A73B40adF4f3d4223Cd9b1ECE623074": {
    "name": "Mask Network",
    "logo": "mask.png",
    "erc20": true,
    "symbol": "MASK",
    "decimals": 18
  },
  "0x0D8775F648430679A709E98d2b0Cb6250d2887EF": {
    "name": "Basic Attention Token",
    "logo": "bat.png",
    "erc20": true,
    "symbol": "BAT",
    "decimals": 18
  },
  "0xcf0C122c6b73ff809C693DB761e7BaeBe62b6a2E": {
    "name": "FLOKI",
    "logo": "floki.png",
    "erc20": true,
    "symbol": "FLOKI",
    "decimals": 9
  },
  "0x767FE9EDC9E0dF98E07454847909b5E959D7ca0E": {
    "name": "Illuvium",
    "logo": "illuvium.png",
    "erc20": true,
    "erc721": false,
    "symbol": "ILV",
    "decimals": 18
  },
  "0x6c6EE5e31d828De241282B9606C8e98Ea48526E2": {
    "name": "HoloToken",
    "logo": "hot.png",
    "erc20": true,
    "symbol": "HOT",
    "decimals": 18
  },
  "0x5d3a536E4D6DbD6114cc1Ead35777bAB948E3643": {
    "name": "Compound Dai",
    "logo": "ctoken-dai.png",
    "erc20": true,
    "symbol": "cDAI",
    "decimals": 8
  },
  "0xaea46A60368A7bD060eec7DF8CBa43b7EF41Ad85": {
    "name": "Fetch",
    "logo": "fetch.png",
    "erc20": true,
    "symbol": "FET",
    "decimals": 18
  },
  "0x1cF4592ebfFd730c7dc92c1bdFFDfc3B9EfCf29a": {
    "name": "WAVES",
    "logo": "waves.png",
    "erc20": true,
    "symbol": "WAVES",
    "decimals": 18
  },
  "0xC18360217D8F7Ab5e7c516566761Ea12Ce7F9D72": {
    "name": "Ethereum Name Service",
    "logo": "ens.png",
    "erc20": true,
    "decimals": 18,
    "symbol": "ENS"
  },
  "0xc00e94Cb662C3520282E6f5717214004A7f26888": {
    "name": "Compound",
    "logo": "comp.png",
    "erc20": true,
    "symbol": "COMP",
    "decimals": 18
  },
  "0x0bc529c00C6401aEF6D220BE8C6Ea1667F6Ad93e": {
    "name": "yearn.finance",
    "logo": "yfi.png",
    "erc20": true,
    "symbol": "YFI",
    "decimals": 18
  },
  "0x7420B4b9a0110cdC71fB720908340C03F9Bc03EC": {
    "name": "JasmyCoin",
    "logo": "JASMY.png",
    "erc20": true,
    "symbol": "JASMY",
    "decimals": 18
  },
  "0x7DD9c5Cba05E151C895FDe1CF355C9A1D5DA6429": {
    "name": "Golem Network Token",
    "logo": "glm.png",
    "erc20": true,
    "symbol": "GLM",
    "decimals": 18
  },
  "0x18aAA7115705e8be94bfFEBDE57Af9BFc265B998": {
    "name": "Audius",
    "logo": "audius.png",
    "erc20": true,
    "symbol": "AUDIO",
    "decimals": 18
  },
  "0xba100000625a3754423978a60c9317c58a424e3D": {
    "name": "Balancer (BAL)",
    "logo": "balancer.png",
    "erc20": true,
    "symbol": "BAL",
    "decimals": 18
  },
  "0x64aa3364F17a4D01c6f1751Fd97C2BD3D7e7f1D5": {
    "name": "Olympus",
    "logo": "OHM.png",
    "erc20": true,
    "symbol": "OHM",
    "decimals": 9
  },
  "0xf650C3d88D12dB855b8bf7D11Be6C55A4e07dCC9": {
    "name": "Compound Tether",
    "logo": "ctoken-usdt.png",
    "erc20": true,
    "symbol": "cUSDT",
    "decimals": 8
  },
  "0xE41d2489571d322189246DaFA5ebDe1F4699F498": {
    "name": "0x",
    "logo": "zrx.png",
    "erc20": true,
    "symbol": "ZRX",
    "decimals": 18
  },
  "0xa117000000f279D81A1D3cc75430fAA017FA5A2e": {
    "name": "Aragon Network Token",
    "logo": "antv2.png",
    "erc20": true,
    "symbol": "ANT",
    "decimals": 18
  },
  "0xdB25f211AB05b1c97D595516F45794528a807ad8": {
    "name": "STASIS EURS Token",
    "logo": "stasis-eurs.png",
    "erc20": true,
    "decimals": 2,
    "symbol": "EURS"
  },
  "0xbf2179859fc6D5BEE9Bf9158632Dc51678a4100e": {
    "name": "AELF",
    "logo": "elf.png",
    "erc20": true,
    "symbol": "ELF",
    "decimals": 18
  },
  "0x6B3595068778DD592e39A122f4f5a5cF09C90fE2": {
    "name": "SushiSwap",
    "logo": "sushi.png",
    "erc20": true,
    "erc721": false,
    "symbol": "SUSHI",
    "decimals": 18
  },
  "0x00c83aeCC790e8a4453e5dD3B0B4b3680501a7A7": {
    "name": "SKALE",
    "logo": "skl.png",
    "erc20": true,
    "symbol": "SKL",
    "decimals": 18
  },
  "0xba9d4199faB4f26eFE3551D490E3821486f135Ba": {
    "name": "SwissBorg",
    "logo": "chsb.png",
    "erc20": true,
    "symbol": "CHSB",
    "decimals": 8
  },
  "0x58b6A8A3302369DAEc383334672404Ee733aB239": {
    "name": "Livepeer",
    "logo": "lpt.png",
    "erc20": true,
    "symbol": "LPT",
    "decimals": 18
  },
  "0x320623b8E4fF03373931769A31Fc52A4E78B5d70": {
    "name": "Reserve Rights",
    "logo": "rsr.png",
    "erc20": true,
    "symbol": "RSR",
    "decimals": 18
  },
  "0x9992eC3cF6A55b00978cdDF2b27BC6882d88D1eC": {
    "name": "Polymath",
    "logo": "polymath_logo.png",
    "erc20": true,
    "symbol": "POLY",
    "decimals": 18
  },
  "0x04Fa0d235C4abf4BcF4787aF4CF447DE572eF828": {
    "name": "UMA",
    "logo": "uma.png",
    "erc20": true,
    "symbol": "UMA",
    "decimals": 18
  },
  "0xEd04915c23f00A313a544955524EB7DBD823143d": {
    "name": "Alchemy Pay",
    "logo": "ACH.png",
    "erc20": true,
    "symbol": "ACH",
    "decimals": 8
  },
  "0xd26114cd6EE289AccF82350c8d8487fedB8A0C07": {
    "name": "OmiseGO",
    "logo": "omg.png",
    "erc20": true,
    "symbol": "OMG",
    "decimals": 18
  },
  "0x607F4C5BB672230e8672085532f7e901544a7375": {
    "name": "iExec RLC Token",
    "logo": "rlc.png",
    "erc20": true,
    "symbol": "RLC",
    "decimals": 9
  },
  "0x4F9254C83EB525f9FCf346490bbb3ed28a81C667": {
    "name": "Celer Network Token",
    "logo": "CELR.png",
    "erc20": true,
    "symbol": "CELR",
    "decimals": 18
  },
  "0xF433089366899D83a9f26A773D59ec7eCF30355e": {
    "name": "Metal",
    "logo": "mtl.png",
    "erc20": true,
    "symbol": "MTL",
    "decimals": 8
  },
  "0x744d70FDBE2Ba4CF95131626614a1763DF805B9E": {
    "name": "Status Network Token",
    "logo": "snt.png",
    "erc20": true,
    "symbol": "SNT",
    "decimals": 18
  },
  "0x3a4f40631a4f906c2BaD353Ed06De7A5D3fCb430": {
    "name": "PlayDapp Token",
    "logo": "playdapp.png",
    "erc20": true,
    "symbol": "PLA",
    "decimals": 18
  },
  "0x5dc60C4D5e75D22588FA17fFEB90A63E535efCE0": {
    "name": "dKargo",
    "logo": "DKA.png",
    "erc20": true,
    "symbol": "DKA",
    "decimals": 18
  },
  "0x1776e1F26f98b1A5dF9cD347953a26dd3Cb46671": {
    "name": "Numeraire",
    "logo": "nmr.png",
    "erc20": true,
    "symbol": "NMR",
    "decimals": 18
  },
  "0xff56Cc6b1E6dEd347aA0B7676C85AB0B3D08B0FA": {
    "name": "Orbs",
    "logo": "orbs.png",
    "erc20": true,
    "symbol": "ORBS",
    "decimals": 18
  },
  "0xCC8Fa225D80b9c7D42F96e9570156c65D6cAAa25": {
    "name": "Smooth Love Potion",
    "logo": "SLP.png",
    "erc20": true,
    "symbol": "SLP",
    "decimals": 0
  },
  "0xDe30da39c46104798bB5aA3fe8B9e0e1F348163F": {
    "name": "Gitcoin",
    "logo": "gtc.png",
    "erc20": true,
    "symbol": "GTC",
    "decimals": 18
  },
  "0x85Eee30c52B0b379b046Fb0F85F4f3Dc3009aFEC": {
    "name": "KEEP",
    "logo": "keep.png",
    "erc20": true,
    "symbol": "KEEP",
    "decimals": 18
  },
  "0x7A58c0Be72BE218B41C608b7Fe7C5bB630736C71": {
    "name": "ConstitutionDAO",
    "logo": "PEOPLE.png",
    "erc20": true,
    "symbol": "PEOPLE",
    "decimals": 18
  },
  "0x595832F8FC6BF59c85C527fEC3740A1b7a361269": {
    "name": "PowerLedger",
    "logo": "powr.png",
    "erc20": true,
    "symbol": "POWR",
    "decimals": 6
  },
  "0x408e41876cCCDC0F92210600ef50372656052a38": {
    "name": "Republic Token",
    "logo": "ren.png",
    "erc20": true,
    "symbol": "REN",
    "decimals": 18
  },
  "0x9AAb071B4129B083B01cB5A0Cb513Ce7ecA26fa5": {
    "name": "Hunt Token",
    "logo": "hunt.png",
    "erc20": true,
    "symbol": "HUNT",
    "decimals": 18
  },
  "0x8f8221aFbB33998d8584A2B05749bA73c37a938a": {
    "name": "Request",
    "logo": "request.png",
    "erc20": true,
    "symbol": "REQ",
    "decimals": 18
  },
  "0x1F573D6Fb3F13d689FF844B4cE37794d79a7FF1C": {
    "name": "Bancor Network Token",
    "logo": "bnt.png",
    "erc20": true,
    "symbol": "BNT",
    "decimals": 18
  },
  "0xaaAEBE6Fe48E54f431b0C390CfaF0b017d09D42d": {
    "name": "Celsius",
    "logo": "celsius.png",
    "erc20": true,
    "symbol": "CEL",
    "decimals": 4
  },
  "0x33349B282065b0284d756F0577FB39c158F935e6": {
    "name": "Maple Finance",
    "logo": "maple-finance.png",
    "erc20": true,
    "erc721": false,
    "symbol": "MPL",
    "decimals": 18
  },
  "0x9043d4d51C9d2e31e3F169de4551E416970c27Ef": {
    "name": "Palm DAI",
    "logo": "pdai.png",
    "erc20": true,
    "symbol": "PDAI",
    "decimals": 18
  },
  "0xc581b735a1688071a1746c968e0798d642ede491": {
    "name": "Euro Tether",
    "logo": "eurt.png",
    "erc20": true,
    "symbol": "EURT",
    "decimals": 6
  },
  "0x12b6893ce26ea6341919fe289212ef77e51688c8": {
    "name": "Tamagode",
    "logo": "tama.png",
    "erc20": true,
    "symbol": "TAMA",
    "decimals": 18
  },
  "0xf411903cbc70a74d22900a5de66a2dda66507255": {
    "name": "Verasity",
    "logo": "vra.png",
    "erc20": true,
    "symbol": "VRA",
    "decimals": 18
  },
  "0x69af81e73a73b40adf4f3d4223cd9b1ece623074": {
    "name": "Mask Network",
    "logo": "mask.png",
    "erc20": true,
    "symbol": "MASK",
    "decimals": 18
  },
  "0x491604c0fdf08347dd1fa4ee062a822a5dd06b5d": {
    "name": "Cartesi",
    "logo": "ctsi.png",
    "erc20": true,
    "symbol": "CTSI",
    "decimals": 18
  },
  "0x0f51bb10119727a7e5ea3538074fb341f56b09ad": {
    "name": "DAO Maker",
    "logo": "dao.png",
    "erc20": true,
    "symbol": "DAO",
    "decimals": 18
  },
  "0xd55fce7cdab84d84f2ef3f99816d765a2a94a509": {
    "name": "Chain Games",
    "logo": "chain.png",
    "erc20": true,
    "symbol": "CHAIN",
    "decimals": 18
  },
  "0x80C62FE4487E1351b47Ba49809EBD60ED085bf52": {
    "name": "Clover Finance",
    "logo": "clv.png",
    "erc20": true,
    "symbol": "CLV",
    "decimals": 18
  },
  "0x1a7e4e63778b4f12a199c062f3efdd288afcbce8": {
    "name": "agEUR",
    "logo": "ageur.png",
    "erc20": true,
    "symbol": "AGEUR",
    "decimals": 18
  },
  "0xcc4304a31d09258b0029ea7fe63d032f52e44efe": {
    "name": "TrustSwap",
    "logo": "swap.png",
    "erc20": true,
    "symbol": "SWAP",
    "decimals": 18
  },
  "0xf94b5c5651c888d928439ab6514b93944eee6f48": {
    "name": "YIELD App",
    "logo": "yld.png",
    "erc20": true,
    "symbol": "YLD",
    "decimals": 18
  },
  "0xeb986DA994E4a118d5956b02d8b7c3C7CE373674": {
    "name": "Gather",
    "logo": "gth.png",
    "erc20": true,
    "symbol": "GTH",
    "decimals": 18
  },
  "0xba8a621b4a54e61c442f5ec623687e2a942225ef": {
    "name": "Gather",
    "logo": "quartz.png",
    "erc20": true,
    "symbol": "QUARTZ",
    "decimals": 18
  }
}