{
  "ramp": [
    {
      "chain_id": "0x1",
      "coin": 60,
      "coingecko_id": "",
      "contract_address": "",
      "decimals": 18,
      "is_erc1155": false,
      "is_erc20": false,
      "is_erc721": false,
      "is_nft": false,
      "logo": "",
      "name": "Ethereum",
      "symbol": "ETH",
      "token_id": "",
      "visible": true
    },
    {
      "chain_id": "0x1",
      "coin": 60,
      "coingecko_id": "",
      "contract_address": "0x0D8775F648430679A709E98d2b0Cb6250d2887EF",
      "decimals": 18,
      "is_erc1155": false,
      "is_erc20": true,
      "is_erc721": false,
      "is_nft": false,
      "logo": "bat.png",
      "name": "Basic Attention Token",
      "symbol": "BAT",
      "token_id": "",
      "visible": true
    },
    {
      "chain_id": "0x1",
      "coin": 60,
      "coingecko_id": "",
      "contract_address": "0x3845badade8e6dff049820680d1f14bd3903a5d0",
      "decimals": 18,
      "is_erc1155": false,
      "is_erc20": true,
      "is_erc721": false,
      "is_nft": false,
      "logo": "sand.png",
      "name": "The Sandbox",
      "symbol": "SAND",
      "token_id": "",
      "visible": true
    },
    {
      "chain_id": "0x1",
      "coin": 60,
      "coingecko_id": "",
      "contract_address": "0xc18360217d8f7ab5e7c516566761ea12ce7f9d72",
      "decimals": 18,
      "is_erc1155": false,
      "is_erc20": true,
      "is_erc721": false,
      "is_nft": false,
      "logo": "ens.png",
      "name": "ENS",
      "symbol": "ENS",
      "token_id": "",
      "visible": true
    },
    {
      "chain_id": "0x1",
      "coin": 60,
      "coingecko_id": "",
      "contract_address": "0x6B175474E89094C44Da98b954EedeAC495271d0F",
      "decimals": 18,
      "is_erc1155": false,
      "is_erc20": true,
      "is_erc721": false,
      "is_nft": false,
      "logo": "dai.png",
      "name": "DAI",
      "symbol": "DAI",
      "token_id": "",
      "visible": true
    },
    {
      "chain_id": "0x1",
      "coin": 60,
      "coingecko_id": "",
      "contract_address": "0xdAC17F958D2ee523a2206206994597C13D831ec7",
      "decimals": 6,
      "is_erc1155": false,
      "is_erc20": true,
      "is_erc721": false,
      "is_nft": false,
      "logo": "usdt.png",
      "name": "Tether",
      "symbol": "USDT",
      "token_id": "",
      "visible": true
    },
    {
      "chain_id": "0x1",
      "coin": 60,
      "coingecko_id": "",
      "contract_address": "0xA0b86991c6218b36c1d19D4a2e9Eb0cE3606eB48",
      "decimals": 6,
      "is_erc1155": false,
      "is_erc20": true,
      "is_erc721": false,
      "is_nft": false,
      "logo": "usdc.png",
      "name": "USD Coin",
      "symbol": "USDC",
      "token_id": "",
      "visible": true
    },
    {
      "chain_id": "0x1",
      "coin": 60,
      "coingecko_id": "",
      "contract_address": "0x514910771AF9Ca656af840dff83E8264EcF986CA",
      "decimals": 18,
      "is_erc1155": false,
      "is_erc20": true,
      "is_erc721": false,
      "is_nft": false,
      "logo": "chainlink.png",
      "name": "Chainlink",
      "symbol": "LINK",
      "token_id": "",
      "visible": true
    },
    {
      "chain_id": "0x1",
      "coin": 60,
      "coingecko_id": "",
      "contract_address": "0x0f5d2fb29fb7d3cfee444a200298f468908cc942",
      "decimals": 18,
      "is_erc1155": false,
      "is_erc20": true,
      "is_erc721": false,
      "is_nft": false,
      "logo": "mana.png",
      "name": "Decentraland",
      "symbol": "MANA",
      "token_id": "",
      "visible": true
    },
    {
      "chain_id": "0x1",
      "coin": 60,
      "coingecko_id": "",
      "contract_address": "0xf1f955016EcbCd7321c7266BccFB96c68ea5E49b",
      "decimals": 18,
      "is_erc1155": false,
      "is_erc20": true,
      "is_erc721": false,
      "is_nft": false,
      "logo": "rly.png",
      "name": "Rally",
      "symbol": "RLY",
      "token_id": "",
      "visible": true
    },
    {
      "chain_id": "0x38",
      "coin": 60,
      "coingecko_id": "",
      "contract_address": "",
      "decimals": 18,
      "is_erc1155": false,
      "is_erc20": false,
      "is_erc721": false,
      "is_nft": false,
      "logo": "",
      "name": "BNB",
      "symbol": "BNB",
      "token_id": "",
      "visible": true
    },
    {
      "chain_id": "0x38",
      "coin": 60,
      "coingecko_id": "",
      "contract_address": "0xe9e7cea3dedca5984780bafc599bd69add087d56",
      "decimals": 18,
      "is_erc1155": false,
      "is_erc20": true,
      "is_erc721": false,
      "is_nft": false,
      "logo": "busd.png",
      "name": "Binance USD",
      "symbol": "BUSD",
      "token_id": "",
      "visible": true
    },
    {
      "chain_id": "0xa4ec",
      "coin": 60,
      "coingecko_id": "",
      "contract_address": "",
      "decimals": 18,
      "is_erc1155": false,
      "is_erc20": false,
      "is_erc721": false,
      "is_nft": false,
      "logo": "",
      "name": "Celo",
      "symbol": "CELO",
      "token_id": "",
      "visible": true
    },
    {
      "chain_id": "0xa4ec",
      "coin": 60,
      "coingecko_id": "",
      "contract_address": "0x765DE816845861e75A25fCA122bb6898B8B1282a",
      "decimals": 18,
      "is_erc1155": false,
      "is_erc20": true,
      "is_erc721": false,
      "is_nft": false,
      "logo": "cusd.png",
      "name": "Celo Dollar",
      "symbol": "CUSD",
      "token_id": "",
      "visible": true
    },
    {
      "chain_id": "0x89",
      "coin": 60,
      "coingecko_id": "",
      "contract_address": "",
      "decimals": 18,
      "is_erc1155": false,
      "is_erc20": false,
      "is_erc721": false,
      "is_nft": false,
      "logo": "",
      "name": "Polygon",
      "symbol": "MATIC",
      "token_id": "",
      "visible": true
    },
    {
      "chain_id": "0x89",
      "coin": 60,
      "coingecko_id": "",
      "contract_address": "0x7ceB23fD6bC0adD59E62ac25578270cFf1b9f619",
      "decimals": 18,
      "is_erc1155": false,
      "is_erc20": true,
      "is_erc721": false,
      "is_nft": false,
      "logo": "eth.png",
      "name": "Ethereum",
      "symbol": "ETH",
      "token_id": "",
      "visible": true
    },
    {
      "chain_id": "0x89",
      "coin": 60,
      "coingecko_id": "",
      "contract_address": "0x2791Bca1f2de4661ED88A30C99A7a9449Aa84174",
      "decimals": 6,
      "is_erc1155": false,
      "is_erc20": true,
      "is_erc721": false,
      "is_nft": false,
      "logo": "usdc.png",
      "name": "USD Coin",
      "symbol": "USDC",
      "token_id": "",
      "visible": true
    },
    {
      "chain_id": "0x89",
      "coin": 60,
      "coingecko_id": "",
      "contract_address": "0x8f3cf7ad23cd3cadbd9735aff958023239c6a063",
      "decimals": 18,
      "is_erc1155": false,
      "is_erc20": true,
      "is_erc721": false,
      "is_nft": false,
      "logo": "dai.png",
      "name": "DAI Stablecoin",
      "symbol": "DAI",
      "token_id": "",
      "visible": true
    },
    {
      "chain_id": "0xa86a",
      "coin": 60,
      "coingecko_id": "",
      "contract_address": "",
      "decimals": 18,
      "is_erc1155": false,
      "is_erc20": false,
      "is_erc721": false,
      "is_nft": false,
      "logo": "",
      "name": "Avalanche",
      "symbol": "AVAX",
      "token_id": "",
      "visible": true
    },
    {
      "chain_id": "0xa86a",
      "coin": 60,
      "coingecko_id": "",
      "contract_address": "0xB97EF9Ef8734C71904D8002F8b6Bc66Dd9c48a6E",
      "decimals": 6,
      "is_erc1155": false,
      "is_erc20": true,
      "is_erc721": false,
      "is_nft": false,
      "logo": "usdc.png",
      "name": "USD Coin",
      "symbol": "USDC",
      "token_id": "",
      "visible": true
    },
    {
      "chain_id": "0xa4b1",
      "coin": 60,
      "coingecko_id": "",
      "contract_address": "",
      "decimals": 18,
      "is_erc1155": false,
      "is_erc20": false,
      "is_erc721": false,
      "is_nft": false,
      "logo": "",
      "name": "Ethereum",
      "symbol": "ETH",
      "token_id": "",
      "visible": true
    },
    {
      "chain_id": "0xa",
      "coin": 60,
      "coingecko_id": "",
      "contract_address": "",
      "decimals": 18,
      "is_erc1155": false,
      "is_erc20": false,
      "is_erc721": false,
      "is_nft": false,
      "logo": "",
      "name": "Ethereum",
      "symbol": "ETH",
      "token_id": "",
      "visible": true
    },
    {
      "chain_id": "0xa",
      "coin": 60,
      "coingecko_id": "",
      "contract_address": "0xda10009cbd5d07dd0cecc66161fc93d7c9000da1",
      "decimals": 18,
      "is_erc1155": false,
      "is_erc20": true,
      "is_erc721": false,
      "is_nft": false,
      "logo": "dai.png",
      "name": "DAI Stablecoin",
      "symbol": "DAI",
      "token_id": "",
      "visible": true
    },
    {
      "chain_id": "0xfa",
      "coin": 60,
      "coingecko_id": "",
      "contract_address": "",
      "decimals": 18,
      "is_erc1155": false,
      "is_erc20": false,
      "is_erc721": false,
      "is_nft": false,
      "logo": "",
      "name": "Fantom",
      "symbol": "FTM",
      "token_id": "",
      "visible": true
    },
    {
      "chain_id": "0x65",
      "coin": 501,
      "coingecko_id": "",
      "contract_address": "",
      "decimals": 9,
      "is_erc1155": false,
      "is_erc20": false,
      "is_erc721": false,
      "is_nft": false,
      "logo": "",
      "name": "Solana",
      "symbol": "SOL",
      "token_id": "",
      "visible": true
    },
    {
      "chain_id": "0x65",
      "coin": 501,
      "coingecko_id": "",
      "contract_address": "Es9vMFrzaCERmJfrF4H2FYD4KCoNkY11McCe8BenwNYB",
      "decimals": 6,
      "is_erc1155": false,
      "is_erc20": true,
      "is_erc721": false,
      "is_nft": false,
      "logo": "usdt.png",
      "name": "Tether",
      "symbol": "USDT",
      "token_id": "",
      "visible": true
    },
    {
      "chain_id": "0x65",
      "coin": 501,
      "coingecko_id": "",
      "contract_address": "EPjFWdd5AufqSSqeM2qN1xzybapC8G4wEGGkZwyTDt1v",
      "decimals": 6,
      "is_erc1155": false,
      "is_erc20": true,
      "is_erc721": false,
      "is_nft": false,
      "logo": "usdc.png",
      "name": "USD Coin",
      "symbol": "USDC",
      "token_id": "",
      "visible": true
    }
  ],
  "sardine": [],
  "transak": [],
  "stripe": []
}
