{
  "ramp": [
    {
      "chain_id": "0x1",
      "coin": 60,
      "coingecko_id": "",
      "contract_address": "",
      "decimals": 18,
      "is_erc1155": false,
      "is_erc20": false,
      "is_erc721": false,
      "is_nft": false,
      "logo": "",
      "name": "Ethereum",
      "symbol": "ETH",
      "token_id": "",
      "visible": true
    },
    {
      "chain_id": "0x38",
      "coin": 60,
      "coingecko_id": "",
      "contract_address": "",
      "decimals": 18,
      "is_erc1155": false,
      "is_erc20": true,
      "is_erc721": false,
      "is_nft": false,
      "logo": "",
      "name": "BNB",
      "symbol": "BNB",
      "token_id": "",
      "visible": true
    },
    {
      "chain_id": "0xa86a",
      "coin": 60,
      "coingecko_id": "",
      "contract_address": "",
      "decimals": 18,
      "is_erc1155": false,
      "is_erc20": false,
      "is_erc721": false,
      "is_nft": false,
      "logo": "",
      "name": "Avalanche",
      "symbol": "AVAX",
      "token_id": "",
      "visible": true
    },
    {
      "chain_id": "f",
      "coin": 461,
      "coingecko_id": "",
      "contract_address": "",
      "decimals": 18,
      "is_erc1155": false,
      "is_erc20": false,
      "is_erc721": false,
      "is_nft": false,
      "logo": "",
      "name": "Filecoin",
      "symbol": "FIL",
      "token_id": "",
      "visible": true
    },
    {
      "chain_id": "0xa4ec",
      "coin": 60,
      "coingecko_id": "",
      "contract_address": "",
      "decimals": 18,
      "is_erc1155": false,
      "is_erc20": false,
      "is_erc721": false,
      "is_nft": false,
      "logo": "",
      "name": "Celo",
      "symbol": "CELO",
      "token_id": "",
      "visible": true
    },
    {
      "chain_id": "0xa4ec",
      "coin": 60,
      "coingecko_id": "",
      "contract_address": "0xD8763CBa276a3738E6DE85b4b3bF5FDed6D6cA73",
      "decimals": 18,
      "is_erc1155": false,
      "is_erc20": true,
      "is_erc721": false,
      "is_nft": false,
      "logo": "ceur.png",
      "name": "Celo Euro",
      "symbol": "CEUR",
      "token_id": "",
      "visible": true
    },
    {
      "chain_id": "0xa4ec",
      "coin": 60,
      "coingecko_id": "",
      "contract_address": "0x765DE816845861e75A25fCA122bb6898B8B1282a",
      "decimals": 18,
      "is_erc1155": false,
      "is_erc20": true,
      "is_erc721": false,
      "is_nft": false,
      "logo": "cusd.png",
      "name": "Celo Dollar",
      "symbol": "CUSD",
      "token_id": "",
      "visible": true
    },
    {
      "chain_id": "0x1",
      "coin": 60,
      "coingecko_id": "",
      "contract_address": "0x6b175474e89094c44da98b954eedeac495271d0f",
      "decimals": 18,
      "is_erc1155": false,
      "is_erc20": true,
      "is_erc721": false,
      "is_nft": false,
      "logo": "dai.png",
      "name": "DAI Stablecoin",
      "symbol": "DAI",
      "token_id": "",
      "visible": true
    },
    {
      "chain_id": "0xa",
      "coin": 60,
      "coingecko_id": "",
      "contract_address": "",
      "decimals": 18,
      "is_erc1155": false,
      "is_erc20": false,
      "is_erc721": false,
      "is_nft": false,
      "logo": "",
      "name": "Ethereum",
      "symbol": "ETH",
      "token_id": "",
      "visible": true
    },
    {
      "chain_id": "0x89",
      "coin": 60,
      "coingecko_id": "",
      "contract_address": "",
      "decimals": 18,
      "is_erc1155": false,
      "is_erc20": false,
      "is_erc721": false,
      "is_nft": false,
      "logo": "",
      "name": "Polygon",
      "symbol": "MATIC",
      "token_id": "",
      "visible": true
    },
    {
      "chain_id": "0x89",
      "coin": 60,
      "coingecko_id": "",
      "contract_address": "0x8f3cf7ad23cd3cadbd9735aff958023239c6a063",
      "decimals": 18,
      "is_erc1155": false,
      "is_erc20": true,
      "is_erc721": false,
      "is_nft": false,
      "logo": "dai.png",
      "name": "DAI Stablecoin",
      "symbol": "DAI",
      "token_id": "",
      "visible": true
    },
    {
      "chain_id": "0x89",
      "coin": 60,
      "coingecko_id": "",
      "contract_address": "0x7ceB23fD6bC0adD59E62ac25578270cFf1b9f619",
      "decimals": 18,
      "is_erc1155": false,
      "is_erc20": true,
      "is_erc721": false,
      "is_nft": false,
      "logo": "eth.png",
      "name": "Ethereum",
      "symbol": "ETH",
      "token_id": "",
      "visible": true
    },
    {
      "chain_id": "0x89",
      "coin": 60,
      "coingecko_id": "",
      "contract_address": "0xbbba073c31bf03b8acf7c28ef0738decf3695683",
      "decimals": 18,
      "is_erc1155": false,
      "is_erc20": true,
      "is_erc721": false,
      "is_nft": false,
      "logo": "sand.png",
      "name": "Sandbox",
      "symbol": "SAND",
      "token_id": "",
      "visible": true
    },
    {
      "chain_id": "0x1",
      "coin": 60,
      "coingecko_id": "",
      "contract_address": "0x0f5d2fb29fb7d3cfee444a200298f468908cc942",
      "decimals": 18,
      "is_erc1155": false,
      "is_erc20": true,
      "is_erc721": false,
      "is_nft": false,
      "logo": "mana.png",
      "name": "Decentraland",
      "symbol": "MANA",
      "token_id": "",
      "visible": true
    },
    {
      "chain_id": "0x89",
      "coin": 60,
      "coingecko_id": "",
      "contract_address": "0xa1c57f48f0deb89f569dfbe6e2b7f46d33606fd4",
      "decimals": 18,
      "is_erc1155": false,
      "is_erc20": true,
      "is_erc721": false,
      "is_nft": false,
      "logo": "mana.png",
      "name": "Decentraland",
      "symbol": "MANA",
      "token_id": "",
      "visible": true
    },
    {
      "chain_id": "0x89",
      "coin": 60,
      "coingecko_id": "",
      "contract_address": "0x2791bca1f2de4661ed88a30c99a7a9449aa84174",
      "decimals": 6,
      "is_erc1155": false,
      "is_erc20": true,
      "is_erc721": false,
      "is_nft": false,
      "logo": "usdc.png",
      "name": "USD Coin",
      "symbol": "USDC",
      "token_id": "",
      "visible": true
    },
    {
      "chain_id": "0x89",
      "coin": 60,
      "coingecko_id": "",
      "contract_address": "0x3Cef98bb43d732E2F285eE605a8158cDE967D219",
      "decimals": 18,
      "is_erc1155": false,
      "is_erc20": true,
      "is_erc721": false,
      "is_nft": false,
      "logo": "bat.png",
      "name": "Basic Attention Token",
      "symbol": "BAT",
      "token_id": "",
      "visible": true
    },
    {
      "chain_id": "0x65",
      "coin": 501,
      "coingecko_id": "",
      "contract_address": "",
      "decimals": 9,
      "is_erc1155": false,
      "is_erc20": false,
      "is_erc721": false,
      "is_nft": false,
      "logo": "",
      "name": "Solana",
      "symbol": "SOL",
      "token_id": "",
      "visible": true
    },
    {
      "chain_id": "0x65",
      "coin": 501,
      "coingecko_id": "",
      "contract_address": "EPjFWdd5AufqSSqeM2qN1xzybapC8G4wEGGkZwyTDt1v",
      "decimals": 6,
      "is_erc1155": false,
      "is_erc20": true,
      "is_erc721": false,
      "is_nft": false,
      "logo": "usdc.png",
      "name": "USD Coin",
      "symbol": "USDC",
      "token_id": "",
      "visible": true
    },
    {
      "chain_id": "0x65",
      "coin": 501,
      "coingecko_id": "",
      "contract_address": "Es9vMFrzaCERmJfrF4H2FYD4KCoNkY11McCe8BenwNYB",
      "decimals": 6,
      "is_erc1155": false,
      "is_erc20": false,
      "is_erc721": false,
      "is_nft": false,
      "logo": "usdt.png",
      "name": "Tether",
      "symbol": "USDT",
      "token_id": "",
      "visible": true
    },
    {
      "chain_id": "0x1",
      "coin": 60,
      "coingecko_id": "",
      "contract_address": "0xdac17f958d2ee523a2206206994597c13d831ec7",
      "decimals": 6,
      "is_erc1155": false,
      "is_erc20": true,
      "is_erc721": false,
      "is_nft": false,
      "logo": "usdt.png",
      "name": "Tether",
      "symbol": "USDT",
      "token_id": "",
      "visible": true
    },
    {
      "chain_id": "0x1",
      "coin": 60,
      "coingecko_id": "",
      "contract_address": "0xa0b86991c6218b36c1d19d4a2e9eb0ce3606eb48",
      "decimals": 6,
      "is_erc1155": false,
      "is_erc20": true,
      "is_erc721": false,
      "is_nft": false,
      "logo": "usdc.png",
      "name": "USD Coin",
      "symbol": "USDC",
      "token_id": "",
      "visible": true
    },
    {
      "chain_id": "0x1",
      "coin": 60,
      "coingecko_id": "",
      "contract_address": "0x0d8775f648430679a709e98d2b0cb6250d2887ef",
      "decimals": 18,
      "is_erc1155": false,
      "is_erc20": true,
      "is_erc721": false,
      "is_nft": false,
      "logo": "bat.png",
      "name": "Basic Attention Token",
      "symbol": "BAT",
      "token_id": "",
      "visible": true
    },
    {
      "chain_id": "0x65",
      "coin": 501,
      "coingecko_id": "",
      "contract_address": "EPeUFDgHRxs9xxEPVaL6kfGQvCon7jmAWKVUHuux1Tpz",
      "decimals": 18,
      "is_erc1155": false,
      "is_erc20": true,
      "is_erc721": false,
      "is_nft": false,
      "logo": "bat.png",
      "name": "Basic Attention Token",
      "symbol": "BAT",
      "token_id": "",
      "visible": true
    }
  ],
  "sardine": [
    {
      "chain_id": "0x1",
      "coin": 60,
      "coingecko_id": "",
      "contract_address": "",
      "decimals": 18,
      "is_erc1155": false,
      "is_erc20": false,
      "is_erc721": false,
      "is_nft": false,
      "logo": "",
      "name": "Ethereum",
      "symbol": "ETH",
      "token_id": "",
      "visible": true
    },
    {
      "chain_id": "0x1",
      "coin": 60,
      "coingecko_id": "",
      "contract_address": "0x7Fc66500c84A76Ad7e9c93437bFc5Ac33E2DDaE9",
      "decimals": 18,
      "is_erc1155": false,
      "is_erc20": true,
      "is_erc721": false,
      "is_nft": false,
      "logo": "aave.png",
      "name": "AAVE",
      "symbol": "AAVE",
      "token_id": "",
      "visible": true
    },
    {
      "chain_id": "0x1",
      "coin": 60,
      "coingecko_id": "",
      "contract_address": "0x7Fc66500c84A76Ad7e9c93437bFc5Ac33E2DDaE9",
      "decimals": 18,
      "is_erc1155": false,
      "is_erc20": true,
      "is_erc721": false,
      "is_nft": false,
      "logo": "aave.png",
      "name": "AAVE",
      "symbol": "AAVE",
      "token_id": "",
      "visible": true
    },
    {
      "chain_id": "0xa86a",
      "coin": 60,
      "coingecko_id": "",
      "contract_address": "",
      "decimals": 18,
      "is_erc1155": false,
      "is_erc20": false,
      "is_erc721": false,
      "is_nft": false,
      "logo": "",
      "name": "Avalanche",
      "symbol": "AVAX",
      "token_id": "",
      "visible": true
    },
    {
      "chain_id": "0x1",
      "coin": 60,
      "coingecko_id": "",
      "contract_address": "0x0d8775f648430679a709e98d2b0cb6250d2887ef",
      "decimals": 18,
      "is_erc1155": false,
      "is_erc20": true,
      "is_erc721": false,
      "is_nft": false,
      "logo": "bat.png",
      "name": "Basic Attention Token",
      "symbol": "BAT",
      "token_id": "",
      "visible": true
    },
    {
      "chain_id": "0x1",
      "coin": 60,
      "coingecko_id": "",
      "contract_address": "0x4Fabb145d64652a948d72533023f6E7A623C7C53",
      "decimals": 18,
      "is_erc1155": false,
      "is_erc20": true,
      "is_erc721": false,
      "is_nft": false,
      "logo": "BUSD.png",
      "name": "Binance USD",
      "symbol": "BUSD",
      "token_id": "",
      "visible": true
    },
    {
      "chain_id": "0x1",
      "coin": 60,
      "coingecko_id": "",
      "contract_address": "0x4Fabb145d64652a948d72533023f6E7A623C7C53",
      "decimals": 18,
      "is_erc1155": false,
      "is_erc20": true,
      "is_erc721": false,
      "is_nft": false,
      "logo": "busd.png",
      "name": "Binance USD",
      "symbol": "BUSD",
      "token_id": "",
      "visible": true
    },
    {
      "chain_id": "0x1",
      "coin": 60,
      "coingecko_id": "",
      "contract_address": "0xc00e94cb662c3520282e6f5717214004a7f26888",
      "decimals": 18,
      "is_erc1155": false,
      "is_erc20": true,
      "is_erc721": false,
      "is_nft": false,
      "logo": "comp.png",
      "name": "Compound",
      "symbol": "COMP",
      "token_id": "",
      "visible": true
    },
    {
      "chain_id": "0x1",
      "coin": 60,
      "coingecko_id": "",
      "contract_address": "0x6B175474E89094C44Da98b954EedeAC495271d0F",
      "decimals": 18,
      "is_erc1155": false,
      "is_erc20": true,
      "is_erc721": false,
      "is_nft": false,
      "logo": "dai.png",
      "name": "DAI",
      "symbol": "DAI",
      "token_id": "",
      "visible": true
    },
    {
      "chain_id": "0x1",
      "coin": 60,
      "coingecko_id": "",
      "contract_address": "0x0f5d2fb29fb7d3cfee444a200298f468908cc942",
      "decimals": 18,
      "is_erc1155": false,
      "is_erc20": true,
      "is_erc721": false,
      "is_nft": false,
      "logo": "mana.png",
      "name": "Decentraland",
      "symbol": "MANA",
      "token_id": "",
      "visible": true
    },
    {
      "chain_id": "0x1",
      "coin": 60,
      "coingecko_id": "",
      "contract_address": "0xf629cbd94d3791c9250152bd8dfbdf380e2a3b9c",
      "decimals": 18,
      "is_erc1155": false,
      "is_erc20": true,
      "is_erc721": false,
      "is_nft": false,
      "logo": "enj.png",
      "name": "Enjin Coin",
      "symbol": "ENJ",
      "token_id": "",
      "visible": true
    },
    {
      "chain_id": "0xfa",
      "coin": 60,
      "coingecko_id": "",
      "contract_address": "",
      "decimals": 18,
      "is_erc1155": false,
      "is_erc20": false,
      "is_erc721": false,
      "is_nft": false,
      "logo": "",
      "name": "Fantom",
      "symbol": "FTM",
      "token_id": "",
      "visible": true
    },
    {
      "chain_id": "0x1",
      "coin": 60,
      "coingecko_id": "",
      "contract_address": "0xdeFA4e8a7bcBA345F687a2f1456F5Edd9CE97202",
      "decimals": 18,
      "is_erc1155": false,
      "is_erc20": true,
      "is_erc721": false,
      "is_nft": false,
      "logo": "kyber.png",
      "name": "Kyber Network",
      "symbol": "KNC",
      "token_id": "",
      "visible": true
    },
    {
      "chain_id": "0x1",
      "coin": 60,
      "coingecko_id": "",
      "contract_address": "0x9f8F72aA9304c8B593d555F12eF6589cC3A579A2",
      "decimals": 18,
      "is_erc1155": false,
      "is_erc20": true,
      "is_erc721": false,
      "is_nft": false,
      "logo": "mkr.png",
      "name": "Maker",
      "symbol": "MKR",
      "token_id": "",
      "visible": true
    },
    {
      "chain_id": "0x1",
      "coin": 60,
      "coingecko_id": "",
      "contract_address": "0xd26114cd6ee289accf82350c8d8487fedb8a0c07",
      "decimals": 18,
      "is_erc1155": false,
      "is_erc20": true,
      "is_erc721": false,
      "is_nft": false,
      "logo": "omg.png",
      "name": "OMG Network",
      "symbol": "OMG",
      "token_id": "",
      "visible": true
    },
    {
      "chain_id": "0x89",
      "coin": 60,
      "coingecko_id": "",
      "contract_address": "",
      "decimals": 18,
      "is_erc1155": false,
      "is_erc20": false,
      "is_erc721": false,
      "is_nft": false,
      "logo": "",
      "name": "Polygon",
      "symbol": "MATIC",
      "token_id": "",
      "visible": true
    },
    {
      "chain_id": "0x1",
      "coin": 60,
      "coingecko_id": "",
      "contract_address": "0x7D1AfA7B718fb893dB30A3aBc0Cfc608AaCfeBB0",
      "decimals": 18,
      "is_erc1155": false,
      "is_erc20": false,
      "is_erc721": false,
      "is_nft": false,
      "logo": "matic.png",
      "name": "Polygon",
      "symbol": "MATIC",
      "token_id": "",
      "visible": true
    },
    {
      "chain_id": "0x1",
      "coin": 60,
      "coingecko_id": "",
      "contract_address": "0x45804880de22913dafe09f4980848ece6ecbaf78",
      "decimals": 18,
      "is_erc1155": false,
      "is_erc20": true,
      "is_erc721": false,
      "is_nft": false,
      "logo": "paxg.png",
      "name": "Pax Gold",
      "symbol": "PAXG",
      "token_id": "",
      "visible": true
    },
    {
      "chain_id": "0x1",
      "coin": 60,
      "coingecko_id": "",
      "contract_address": "0x8e870d67f660d95d5be530380d0ec0bd388289e1",
      "decimals": 18,
      "is_erc1155": false,
      "is_erc20": true,
      "is_erc721": false,
      "is_nft": false,
      "logo": "usdp.png",
      "name": "Pax Dollar",
      "symbol": "PAX",
      "token_id": "",
      "visible": true
    },
    {
      "chain_id": "0x1",
      "coin": 60,
      "coingecko_id": "",
      "contract_address": "0x95ad61b0a150d79219dcf64e1e6cc01f0b64c4ce",
      "decimals": 18,
      "is_erc1155": false,
      "is_erc20": true,
      "is_erc721": false,
      "is_nft": false,
      "logo": "shib.png",
      "name": "Shiba Inu",
      "symbol": "SHIB",
      "token_id": "",
      "visible": true
    },
    {
      "chain_id": "0x65",
      "coin": 501,
      "coingecko_id": "",
      "contract_address": "",
      "decimals": 9,
      "is_erc1155": false,
      "is_erc20": false,
      "is_erc721": false,
      "is_nft": false,
      "logo": "",
      "name": "Solana",
      "symbol": "SOL",
      "token_id": "",
      "visible": true
    },
    {
      "chain_id": "0x1",
      "coin": 60,
      "coingecko_id": "",
      "contract_address": "0xdAC17F958D2ee523a2206206994597C13D831ec7",
      "decimals": 18,
      "is_erc1155": false,
      "is_erc20": true,
      "is_erc721": false,
      "is_nft": false,
      "logo": "usdt.png",
      "name": "Tether",
      "symbol": "USDT",
      "token_id": "",
      "visible": true
    },
    {
      "chain_id": "0x1",
      "coin": 60,
      "coingecko_id": "",
      "contract_address": "0x1f9840a85d5aF5bf1D1762F925BDADdC4201F984",
      "decimals": 18,
      "is_erc1155": false,
      "is_erc20": true,
      "is_erc721": false,
      "is_nft": false,
      "logo": "uni.png",
      "name": "Uniswap",
      "symbol": "UNI",
      "token_id": "",
      "visible": true
    },
    {
      "chain_id": "0x1",
      "coin": 60,
      "coingecko_id": "",
      "contract_address": "0xA0b86991c6218b36c1d19D4a2e9Eb0cE3606eB48",
      "decimals": 6,
      "is_erc1155": false,
      "is_erc20": true,
      "is_erc721": false,
      "is_nft": false,
      "logo": "usdc.png",
      "name": "USD Coin",
      "symbol": "USDC",
      "token_id": "",
      "visible": true
    },
    {
      "chain_id": "0x1",
      "coin": 60,
      "coingecko_id": "",
      "contract_address": "0xe41d2489571d322189246dafa5ebde1f4699f498",
      "decimals": 18,
      "is_erc1155": false,
      "is_erc20": true,
      "is_erc721": false,
      "is_nft": false,
      "logo": "zrx.png",
      "name": "Ox",
      "symbol": "ZRX",
      "token_id": "",
      "visible": true
    }
  ],
  "transak": [
    {
      "chain_id": "0x1",
      "coin": 60,
      "coingecko_id": "",
      "contract_address": "",
      "decimals": 18,
      "is_erc1155": false,
      "is_erc20": false,
      "is_erc721": false,
      "is_nft": false,
      "logo": "",
      "name": "Ethereum",
      "symbol": "ETH",
      "token_id": "",
      "visible": true
    },
    {
      "chain_id": "0xa",
      "coin": 60,
      "coingecko_id": "",
      "contract_address": "",
      "decimals": 18,
      "is_erc1155": false,
      "is_erc20": false,
      "is_erc721": false,
      "is_nft": false,
      "logo": "",
      "name": "Ethereum",
      "symbol": "ETH",
      "token_id": "",
      "visible": true
    },
    {
      "chain_id": "0x1",
      "coin": 60,
      "coingecko_id": "",
      "contract_address": "0xdAC17F958D2ee523a2206206994597C13D831ec7",
      "decimals": 6,
      "is_erc1155": false,
      "is_erc20": true,
      "is_erc721": false,
      "is_nft": false,
      "logo": "usdt.png",
      "name": "Tether",
      "symbol": "USDT",
      "token_id": "",
      "visible": true
    },
    {
      "chain_id": "0xa4b1",
      "coin": 60,
      "coingecko_id": "",
      "contract_address": "",
      "decimals": 18,
      "is_erc1155": false,
      "is_erc20": false,
      "is_erc721": false,
      "is_nft": false,
      "logo": "",
      "name": "Ethereum",
      "symbol": "ETH",
      "token_id": "",
      "visible": true
    },
    {
      "chain_id": "0x89",
      "coin": 60,
      "coingecko_id": "",
      "contract_address": "0xc2132D05D31c914a87C6611C10748AEb04B58e8F",
      "decimals": 6,
      "is_erc1155": false,
      "is_erc20": true,
      "is_erc721": false,
      "is_nft": false,
      "logo": "usdt.png",
      "name": "Tether",
      "symbol": "USDT",
      "token_id": "",
      "visible": true
    },
    {
      "chain_id": "0x65",
      "coin": 501,
      "coingecko_id": "",
      "contract_address": "Es9vMFrzaCERmJfrF4H2FYD4KCoNkY11McCe8BenwNYB",
      "decimals": 6,
      "is_erc1155": false,
      "is_erc20": false,
      "is_erc721": false,
      "is_nft": false,
      "logo": "usdt.png",
      "name": "Tether",
      "symbol": "USDT",
      "token_id": "",
      "visible": true
    },
    {
      "chain_id": "0x1",
      "coin": 60,
      "coingecko_id": "",
      "contract_address": "0x1f9840a85d5aF5bf1D1762F925BDADdC4201F984",
      "decimals": 18,
      "is_erc1155": false,
      "is_erc20": true,
      "is_erc721": false,
      "is_nft": false,
      "logo": "uni.png",
      "name": "Uniswap",
      "symbol": "UNI",
      "token_id": "",
      "visible": true
    },
    {
      "chain_id": "0x1",
      "coin": 60,
      "coingecko_id": "",
      "contract_address": "0xA0b86991c6218b36c1d19D4a2e9Eb0cE3606eB48",
      "decimals": 6,
      "is_erc1155": false,
      "is_erc20": true,
      "is_erc721": false,
      "is_nft": false,
      "logo": "usdc.png",
      "name": "USD Coin",
      "symbol": "USDC",
      "token_id": "",
      "visible": true
    },
    {
      "chain_id": "0x89",
      "coin": 60,
      "coingecko_id": "",
      "contract_address": "0x2791bca1f2de4661ed88a30c99a7a9449aa84174",
      "decimals": 6,
      "is_erc1155": false,
      "is_erc20": true,
      "is_erc721": false,
      "is_nft": false,
      "logo": "usdc.png",
      "name": "USD Coin",
      "symbol": "USDC",
      "token_id": "",
      "visible": true
    },
    {
      "chain_id": "0x65",
      "coin": 501,
      "coingecko_id": "",
      "contract_address": "EPjFWdd5AufqSSqeM2qN1xzybapC8G4wEGGkZwyTDt1v",
      "decimals": 6,
      "is_erc1155": false,
      "is_erc20": true,
      "is_erc721": false,
      "is_nft": false,
      "logo": "usdc.png",
      "name": "USD Coin",
      "symbol": "USDC",
      "token_id": "",
      "visible": true
    },
    {
      "chain_id": "0xa86a",
      "coin": 60,
      "coingecko_id": "",
      "contract_address": "0xB97EF9Ef8734C71904D8002F8b6Bc66Dd9c48a6E",
      "decimals": 6,
      "is_erc1155": false,
      "is_erc20": true,
      "is_erc721": false,
      "is_nft": false,
      "logo": "usdc.png",
      "name": "USD Coin",
      "symbol": "USDC",
      "token_id": "",
      "visible": true
    },
    {
      "chain_id": "0x38",
      "coin": 60,
      "coingecko_id": "",
      "contract_address": "0x8ac76a51cc950d9822d68b83fe1ad97b32cd580d",
      "decimals": 6,
      "is_erc1155": false,
      "is_erc20": true,
      "is_erc721": false,
      "is_nft": false,
      "logo": "usdc.png",
      "name": "USD Coin",
      "symbol": "USDC",
      "token_id": "",
      "visible": true
    },
    {
      "chain_id": "0xa",
      "coin": 60,
      "coingecko_id": "",
      "contract_address": "0x7F5c764cBc14f9669B88837ca1490cCa17c31607",
      "decimals": 6,
      "is_erc1155": false,
      "is_erc20": true,
      "is_erc721": false,
      "is_nft": false,
      "logo": "usdc.png",
      "name": "USD Coin",
      "symbol": "USDC",
      "token_id": "",
      "visible": true
    },
    {
      "chain_id": "0xa4b1",
      "coin": 60,
      "coingecko_id": "",
      "contract_address": "0xFF970A61A04b1cA14834A43f5dE4533eBDDB5CC8",
      "decimals": 6,
      "is_erc1155": false,
      "is_erc20": true,
      "is_erc721": false,
      "is_nft": false,
      "logo": "usdc.png",
      "name": "USD Coin",
      "symbol": "USDC",
      "token_id": "",
      "visible": true
    },
    {
      "chain_id": "0x1",
      "coin": 60,
      "coingecko_id": "",
      "contract_address": "0x514910771AF9Ca656af840dff83E8264EcF986CA",
      "decimals": 18,
      "is_erc1155": false,
      "is_erc20": true,
      "is_erc721": false,
      "is_nft": false,
      "logo": "chainlink.png",
      "name": "Chainlink",
      "symbol": "LINK",
      "token_id": "",
      "visible": true
    },
    {
      "chain_id": "0x1",
      "coin": 60,
      "coingecko_id": "",
      "contract_address": "0x2260FAC5E5542a773Aa44fBCfeDf7C193bc2C599",
      "decimals": 8,
      "is_erc1155": false,
      "is_erc20": true,
      "is_erc721": false,
      "is_nft": false,
      "logo": "wbtc.png",
      "name": "Wrapped Bitcoin",
      "symbol": "WBTC",
      "token_id": "",
      "visible": true
    },
    {
      "chain_id": "0x65",
      "coin": 501,
      "coingecko_id": "",
      "contract_address": "",
      "decimals": 9,
      "is_erc1155": false,
      "is_erc20": false,
      "is_erc721": false,
      "is_nft": false,
      "logo": "",
      "name": "Solana",
      "symbol": "SOL",
      "token_id": "",
      "visible": true
    },
    {
      "chain_id": "0x1",
      "coin": 60,
      "coingecko_id": "",
      "contract_address": "0xae7ab96520DE3A18E5e111B5EaAb095312D7fE84",
      "decimals": 18,
      "is_erc1155": false,
      "is_erc20": true,
      "is_erc721": false,
      "is_nft": false,
      "logo": "steth.png",
      "name": "Lido Staked Ether",
      "symbol": "STETH",
      "token_id": "",
      "visible": true
    },
    {
      "chain_id": "0x89",
      "coin": 60,
      "coingecko_id": "",
      "contract_address": "",
      "decimals": 18,
      "is_erc1155": false,
      "is_erc20": false,
      "is_erc721": false,
      "is_nft": false,
      "logo": "",
      "name": "Polygon",
      "symbol": "MATIC",
      "token_id": "",
      "visible": true
    },
    {
      "chain_id": "0x1",
      "coin": 60,
      "coingecko_id": "",
      "contract_address": "0x6B175474E89094C44Da98b954EedeAC495271d0F",
      "decimals": 18,
      "is_erc1155": false,
      "is_erc20": true,
      "is_erc721": false,
      "is_nft": false,
      "logo": "dai.png",
      "name": "DAI",
      "symbol": "DAI",
      "token_id": "",
      "visible": true
    },
    {
      "chain_id": "0x1",
      "coin": 60,
      "coingecko_id": "",
      "contract_address": "0x4Fabb145d64652a948d72533023f6E7A623C7C53",
      "decimals": 18,
      "is_erc1155": false,
      "is_erc20": true,
      "is_erc721": false,
      "is_nft": false,
      "logo": "busd.png",
      "name": "Binance USD",
      "symbol": "BUSD",
      "token_id": "",
      "visible": true
    },
    {
      "chain_id": "0x1",
      "coin": 60,
      "coingecko_id": "",
      "contract_address": "0x7Fc66500c84A76Ad7e9c93437bFc5Ac33E2DDaE9",
      "decimals": 18,
      "is_erc1155": false,
      "is_erc20": true,
      "is_erc721": false,
      "is_nft": false,
      "logo": "aave.png",
      "name": "AAVE",
      "symbol": "AAVE",
      "token_id": "",
      "visible": true
    },
    {
      "chain_id": "0x1",
      "coin": 60,
      "coingecko_id": "",
      "contract_address": "0x4d224452801ACEd8B2F0aebE155379bb5D594381",
      "decimals": 18,
      "is_erc1155": false,
      "is_erc20": true,
      "is_erc721": false,
      "is_nft": false,
      "logo": "ape.png",
      "name": "ApeCoin",
      "symbol": "APE",
      "token_id": "",
      "visible": true
    },
    {
      "chain_id": "0x1",
      "coin": 60,
      "coingecko_id": "",
      "contract_address": "0x3845badade8e6dff049820680d1f14bd3903a5d0",
      "decimals": 18,
      "is_erc1155": false,
      "is_erc20": true,
      "is_erc721": false,
      "is_nft": false,
      "logo": "sand.png",
      "name": "The Sandbox",
      "symbol": "SAND",
      "token_id": "",
      "visible": true
    },
    {
      "chain_id": "0xa86a",
      "coin": 60,
      "coingecko_id": "",
      "contract_address": "",
      "decimals": 18,
      "is_erc1155": false,
      "is_erc20": false,
      "is_erc721": false,
      "is_nft": false,
      "logo": "",
      "name": "Avalanche",
      "symbol": "AVAX",
      "token_id": "",
      "visible": true
    },
    {
      "chain_id": "0x1",
      "coin": 60,
      "coingecko_id": "",
      "contract_address": "0x0f5d2fb29fb7d3cfee444a200298f468908cc942",
      "decimals": 18,
      "is_erc1155": false,
      "is_erc20": true,
      "is_erc721": false,
      "is_nft": false,
      "logo": "mana.png",
      "name": "Decentraland",
      "symbol": "MANA",
      "token_id": "",
      "visible": true
    },
    {
      "chain_id": "0x89",
      "coin": 60,
      "coingecko_id": "",
      "contract_address": "0xa1c57f48f0deb89f569dfbe6e2b7f46d33606fd4",
      "decimals": 18,
      "is_erc1155": false,
      "is_erc20": true,
      "is_erc721": false,
      "is_nft": false,
      "logo": "mana.png",
      "name": "Decentraland",
      "symbol": "MANA",
      "token_id": "",
      "visible": true
    },
    {
      "chain_id": "0x1",
      "coin": 60,
      "coingecko_id": "",
      "contract_address": "0xf629cbd94d3791c9250152bd8dfbdf380e2a3b9c",
      "decimals": 18,
      "is_erc1155": false,
      "is_erc20": true,
      "is_erc721": false,
      "is_nft": false,
      "logo": "enj.png",
      "name": "Enjin Coin",
      "symbol": "ENJ",
      "token_id": "",
      "visible": true
    },
    {
      "chain_id": "0x1",
      "coin": 60,
      "coingecko_id": "",
      "contract_address": "0x0D8775F648430679A709E98d2b0Cb6250d2887EF",
      "decimals": 18,
      "is_erc1155": false,
      "is_erc20": true,
      "is_erc721": false,
      "is_nft": false,
      "logo": "bat.png",
      "name": "Basic Attention Token",
      "symbol": "BAT",
      "token_id": "",
      "visible": true
    },
    {
      "chain_id": "0x65",
      "coin": 501,
      "coingecko_id": "",
      "contract_address": "EPeUFDgHRxs9xxEPVaL6kfGQvCon7jmAWKVUHuux1Tpz",
      "decimals": 18,
      "is_erc1155": false,
      "is_erc20": true,
      "is_erc721": false,
      "is_nft": false,
      "logo": "bat.png",
      "name": "Basic Attention Token",
      "symbol": "BAT",
      "token_id": "",
      "visible": true
    },
    {
      "chain_id": "0xfa",
      "coin": 60,
      "coingecko_id": "",
      "contract_address": "",
      "decimals": 18,
      "is_erc1155": false,
      "is_erc20": false,
      "is_erc721": false,
      "is_nft": false,
      "logo": "",
      "name": "Fantom",
      "symbol": "FTM",
      "token_id": "",
      "visible": true
    },
    {
      "chain_id": "0x1",
      "coin": 60,
      "coingecko_id": "",
      "contract_address": "0xC581b735A1688071A1746c968e0798D642EDE491",
      "decimals": 18,
      "is_erc1155": false,
      "is_erc20": true,
      "is_erc721": false,
      "is_nft": false,
      "logo": "eurt.png",
      "name": "Euro Tether",
      "symbol": "EURT",
      "token_id": "",
      "visible": true
    },
    {
      "chain_id": "0x1",
      "coin": 60,
      "coingecko_id": "",
      "contract_address": "0xf411903cbc70a74d22900a5de66a2dda66507255",
      "decimals": 18,
      "is_erc1155": false,
      "is_erc20": true,
      "is_erc721": false,
      "is_nft": false,
      "logo": "vra.png",
      "name": "Verasity",
      "symbol": "VRA",
      "token_id": "",
      "visible": true
    },
    {
      "chain_id": "0x4e454152",
      "coin": 60,
      "coingecko_id": "",
      "contract_address": "",
      "decimals": 18,
      "is_erc1155": false,
      "is_erc20": false,
      "is_erc721": false,
      "is_nft": false,
      "logo": "aurora.png",
      "name": "Aurora",
      "symbol": "AURORA",
      "token_id": "",
      "visible": true
    },
    {
      "chain_id": "0x89",
      "coin": 60,
      "coingecko_id": "",
      "contract_address": "0x7ceb23fd6bc0add59e62ac25578270cff1b9f619",
      "decimals": 18,
      "is_erc1155": false,
      "is_erc20": true,
      "is_erc721": false,
      "is_nft": false,
      "logo": "weth.png",
      "name": "Weth",
      "symbol": "WETH",
      "token_id": "",
      "visible": true
    },
    {
      "chain_id": "0x38",
      "coin": 60,
      "coingecko_id": "",
      "contract_address": "0xA179248E50CE5AFb507FD8C54e08A66FBAC7B6Ff",
      "decimals": 18,
      "is_erc1155": false,
      "is_erc20": true,
      "is_erc721": false,
      "is_nft": false,
      "logo": "$fjb.png",
      "name": "Freedom. Jobs. Business",
      "symbol": "$FJB",
      "token_id": "",
      "visible": true
    },
    {
      "chain_id": "0xa4ec",
      "coin": 60,
      "coingecko_id": "",
      "contract_address": "0xD8763CBa276a3738E6DE85b4b3bF5FDed6D6cA73",
      "decimals": 18,
      "is_erc1155": false,
      "is_erc20": true,
      "is_erc721": false,
      "is_nft": false,
      "logo": "ceur.png",
      "name": "Celo Euro",
      "symbol": "CEUR",
      "token_id": "",
      "visible": true
    }
  ],
  "stripe": [
    {
      "chain_id": "0x1",
      "coin": 60,
      "coingecko_id": "",
      "contract_address": "",
      "decimals": 18,
      "is_erc1155": false,
      "is_erc20": false,
      "is_erc721": false,
      "is_nft": false,
      "logo": "",
      "name": "Ethereum",
      "symbol": "ETH",
      "token_id": "",
      "visible": true
    },
    {
      "chain_id": "0x89",
      "coin": 60,
      "coingecko_id": "",
      "contract_address": "",
      "decimals": 18,
      "is_erc1155": false,
      "is_erc20": false,
      "is_erc721": false,
      "is_nft": false,
      "logo": "",
      "name": "Polygon",
      "symbol": "MATIC",
      "token_id": "",
      "visible": true
    },
    {
      "chain_id": "0x1",
      "coin": 60,
      "coingecko_id": "",
      "contract_address": "0xa0b86991c6218b36c1d19d4a2e9eb0ce3606eb48",
      "decimals": 6,
      "is_erc1155": false,
      "is_erc20": true,
      "is_erc721": false,
      "is_nft": false,
      "logo": "usdc.png",
      "name": "USD Coin",
      "symbol": "USDC",
      "token_id": "",
      "visible": true
    },
    {
      "chain_id": "0x65",
      "coin": 501,
      "coingecko_id": "",
      "contract_address": "",
      "decimals": 9,
      "is_erc1155": false,
      "is_erc20": false,
      "is_erc721": false,
      "is_nft": false,
      "logo": "",
      "name": "Solana",
      "symbol": "SOL",
      "token_id": "",
      "visible": true
    }
  ]
}
