{"schemaVersion":1,"images":[{"name":"ntp-2023-1","source":"aleks-eva-1.jpg","focalPoint":{"x":1996,"y":1123},"author":"Aleks Eva","link":"https://www.instagram.com/aleksevaphoto/","originalUrl":"Contributor sent the hi-res version through email","license":"used with permission"},{"name":"ntp-2023-2","source":"aleks-eva-2.jpg","focalPoint":{"x":1379,"y":850},"author":"Aleks Eva","link":"https://www.instagram.com/aleksevaphoto/","originalUrl":"Contributor sent the hi-res version through email","license":"used with permission"},{"name":"ntp-2023-3","source":"aleks-eva-3.jpg","focalPoint":{"x":1430,"y":1070},"author":"Aleks Eva","link":"https://www.instagram.com/aleksevaphoto/","originalUrl":"Contributor sent the hi-res version through email","license":"used with permission"},{"name":"ntp-2023-4","source":"carla-gomez-1.jpg","focalPoint":{"x":1420,"y":800},"author":"Carla Gómez","link":"https://www.instagram.com/why.carli/ ","originalUrl":"Contributor sent the hi-res version through email","license":"used with permission"},{"name":"ntp-2023-6","source":"corwin-prescott-1.jpg","focalPoint":{"x":1024,"y":800},"author":"C. Prescott","link":"https://community.brave.com/","originalUrl":"Contributor sent the hi-res version through email","license":"used with permission"},{"name":"ntp-2023-7","source":"corwin-prescott-2.jpg","focalPoint":{"x":1740,"y":1100},"author":"C. Prescott","link":"https://community.brave.com/","originalUrl":"Contributor sent the hi-res version through email","license":"used with permission"},{"name":"ntp-2023-8","source":"corwin-prescott-3.jpg","focalPoint":{"x":1650,"y":1210},"author":"C. Prescott","link":"https://community.brave.com/","originalUrl":"Contributor sent the hi-res version through email","license":"used with permission"},{"name":"ntp-2023-9","source":"corwin-prescott-4.jpg","focalPoint":{"x":1080,"y":1100},"author":"C. Prescott","link":"https://community.brave.com/","originalUrl":"Contributor sent the hi-res version through email","license":"used with permission"},{"name":"ntp-2023-10","source":"corwin-prescott-5.jpg","focalPoint":{"x":2200,"y":1120},"author":"C. Prescott","link":"https://community.brave.com/","originalUrl":"Contributor sent the hi-res version through email","license":"used with permission"},{"name":"ntp-2023-11","source":"eric-patterson-1.jpg","focalPoint":{"x":1960,"y":1200},"author":"Eric Patterson","link":"https://www.empatterson.com/","originalUrl":"Contributor sent the hi-res version through email","license":"used with permission"},{"name":"ntp-2023-12","source":"eric-patterson-2.jpg","focalPoint":{"x":1090,"y":1440},"author":"Eric Patterson","link":"https://www.empatterson.com/","originalUrl":"Contributor sent the hi-res version through email","license":"used with permission"},{"name":"ntp-2023-13","source":"gordon-ross-1.jpg","focalPoint":{"x":1280,"y":925},"author":"Gordon Ross","link":"mailto:gordonsross@gmail.com","originalUrl":"Contributor sent the hi-res version through email","license":"used with permission"},{"name":"ntp-2023-14","source":"lori-jean.jpg","focalPoint":{"x":1900,"y":1290},"author":"Lori Jean","link":"https://critchfieldcreativestudio.darkroom.tech/","originalUrl":"Contributor sent the hi-res version through email","license":"used with permission"},{"name":"ntp-2023-15","source":"minkyeong-shin.jpg","focalPoint":{"x":940,"y":1120},"author":"Minkyeong Shin","link":"https://www.instagram.com/minlyfee/","originalUrl":"Contributor sent the hi-res version through email","license":"used with permission"},{"name":"ntp-2023-16","source":"mohammad-usaid-abbasi.jpg","focalPoint":{"x":1650,"y":1010},"author":"Mohammad Usaid Abbasi","link":"https://unsplash.com/@usaidphotos","originalUrl":"Contributor sent the hi-res version through email","license":"used with permission"},{"name":"ntp-2023-17","source":"nabil-george.jpg","focalPoint":{"x":2800,"y":1330},"author":"Nabil George","link":"https://500px.com/ndoubleg","originalUrl":"Contributor sent the hi-res version through email","license":"used with permission"},{"name":"ntp-2023-18","source":"nadeem-choudhary-1.jpg","focalPoint":{"x":1530,"y":1430},"author":"Nadeem Choudhary","link":"mailto:choudharynadeem93@gmail.com","originalUrl":"Contributor sent the hi-res version through email","license":"used with permission"},{"name":"ntp-2023-19","source":"nadeem-choudhary-2.jpg","focalPoint":{"x":1950,"y":1200},"author":"Nadeem Choudhary","link":"mailto:choudharynadeem93@gmail.com","originalUrl":"Contributor sent the hi-res version through email","license":"used with permission"},{"name":"ntp-2023-20","source":"sean-o-riordan.jpg","focalPoint":{"x":1250,"y":800},"author":"Sean O' Riordan","link":"https://twitter.com/seanorphoto","originalUrl":"Contributor sent the hi-res version through email","license":"used with permission"},{"name":"ntp-2023-21","source":"spencer-moore-1.jpg","focalPoint":{"x":1100,"y":1120},"author":"Spencer Moore","link":"https://www.smoorevisuals.com/landscapes","originalUrl":"Contributor sent the hi-res version through email","license":"used with permission"},{"name":"ntp-2023-22","source":"spencer-moore-2.jpg","focalPoint":{"x":1280,"y":799},"author":"Spencer Moore","link":"https://www.smoorevisuals.com/landscapes","originalUrl":"Contributor sent the hi-res version through email","license":"used with permission"},{"name":"ntp-2023-23","source":"spencer-moore-3.jpg","focalPoint":{"x":1520,"y":1230},"author":"Spencer Moore","link":"https://www.smoorevisuals.com/landscapes","originalUrl":"Contributor sent the hi-res version through email","license":"used with permission"},{"name":"ntp-2023-24","source":"spencer-moore-4.jpg","focalPoint":{"x":950,"y":760},"author":"Spencer Moore","link":"https://www.smoorevisuals.com/landscapes","originalUrl":"Contributor sent the hi-res version through email","license":"used with permission"},{"name":"ntp-2023-25","source":"zoltan-malovanyi.jpg","focalPoint":{"x":1134,"y":770},"author":"Zoltan Malovanyi","link":"https://zmp.hu","originalUrl":"Contributor sent the hi-res version through email","license":"used with permission"}]}